date,open,high,low,close,volume,sma_20,sma_50,rsi,sentiment_score
2020-04-17,12181.7998046875,12454.5,12181.7998046875,12454.5,23199,2409.839990234375,2352.2482897281648,50.87322631698285,0.0
2020-04-20,28.0,28.0,28.0,28.0,0,1787.864990234375,2352.148289728165,50.0,0.0
2020-04-21,28.0,28.0,28.0,28.0,0,1787.864990234375,2032.7082897281646,50.0,0.0
2020-04-22,28.0,28.0,28.0,28.0,0,1787.864990234375,2032.6282897281646,50.0,0.0
2020-04-23,28.0,28.0,28.0,28.0,0,1787.864990234375,2032.5342897129058,50.0,0.0
2020-04-24,12045.5,12136.400390625,11636.400390625,12136.400390625,18700,2393.285009765625,2274.6102975559234,50.99199481875012,0.0
2020-04-27,28.0,28.0,28.0,28.0,0,1812.435009765625,2274.488297586441,50.0,0.0
2020-04-28,28.0,28.0,28.0,28.0,0,1812.435009765625,2274.990297584534,50.0,0.0
2020-04-29,28.0,28.0,28.0,28.0,0,1812.435009765625,2274.83791759491,50.0,0.0
2020-04-30,28.0,28.0,28.0,28.0,0,1812.435009765625,2274.69696559906,50.0,0.0
2020-05-01,12636.400390625,12636.400390625,12636.400390625,12636.400390625,0,2442.855029296875,2526.7335454177855,60.221115524664796,0.0
2020-05-04,28.0,28.0,28.0,28.0,0,1885.1650390625,2250.2375493240356,50.0,0.0
2020-05-05,28.0,28.0,28.0,28.0,0,1885.1650390625,2250.100407295227,50.0,0.0
2020-05-06,28.0,28.0,28.0,28.0,0,1885.1650390625,2249.9689793014527,50.0,0.0
2020-05-07,28.0,28.0,28.0,28.0,0,1885.1650390625,2249.8165993118287,39.95596540732724,0.0
2020-05-08,12272.7001953125,12272.7001953125,11636.400390625,11727.2998046875,7590,2470.130029296875,2483.6730714035034,59.56874247994303,0.0
2020-05-11,28.0,28.0,28.0,28.0,0,2470.130029296875,2215.8350635910033,50.0,0.0
2020-05-12,28.0,28.0,28.0,28.0,0,2470.130029296875,2215.7112536239624,50.0,0.0
2020-05-13,28.0,28.0,28.0,28.0,0,2470.130029296875,2215.5874436569216,50.0,0.0
2020-05-14,28.0,28.0,28.0,28.0,0,2470.130029296875,2215.4769676589967,40.02993864445013,0.0
2020-05-15,12000.0,12000.0,12000.0,12000.0,0,2447.405029296875,2454.819825630188,59.87994197045339,0.0
2020-05-18,28.0,28.0,28.0,28.0,0,2447.405029296875,2180.055821723938,50.0,0.0
2020-05-19,28.0,28.0,28.0,28.0,0,2447.405029296875,2180.019631729126,50.0,0.0
2020-05-20,28.0,28.0,28.0,28.0,0,2447.405029296875,2179.9682037353514,50.0,0.0
2020-05-21,28.0,28.0,28.0,28.0,0,2447.405029296875,2179.9053457260134,39.48441194423362,0.0
2020-05-22,11272.7001953125,11772.7001953125,11272.7001953125,11272.7001953125,627,2404.22001953125,2404.776491622925,59.59653391844219,0.0
2020-05-26,28.0,28.0,28.0,28.0,0,2404.22001953125,2173.302487716675,50.0,0.0
2020-05-27,28.0,28.0,28.0,28.0,0,2404.22001953125,2173.327249717712,50.0,0.0
2020-05-28,28.0,28.0,28.0,28.0,0,2404.22001953125,2173.35201171875,50.0,0.0
2020-05-29,10954.5,11772.7001953125,10954.5,11772.7001953125,2255,2991.455029296875,2408.293635635376,50.03248574673013,0.0
2020-06-01,28.0,28.0,28.0,28.0,2828,2361.035009765625,2408.286015625,50.0,0.0
2020-06-02,28.0,28.0,28.0,28.0,10,2361.035009765625,2159.496015625,50.0,0.0
2020-06-03,28.0,28.0,28.0,28.0,1155,2361.035009765625,2159.496015625,50.0,0.0
2020-06-04,28.0,28.0,28.0,28.0,320,2361.035009765625,2159.496015625,50.0,0.0
2020-06-05,11363.599609375,11363.599609375,11363.599609375,11363.599609375,0,2927.814990234375,2386.2080078125,49.540746533925066,0.0
2020-06-08,28.0,28.0,28.0,28.0,8657,2342.85,2386.2080078125,50.0,0.0
2020-06-09,28.0,28.0,28.0,28.0,0,2342.85,2153.8680078125,50.0,0.0
2020-06-10,28.0,28.0,28.0,28.0,0,2342.85,2153.8680078125,50.0,0.0
2020-06-11,28.0,28.0,28.0,28.0,210,2342.85,2153.8680078125,50.0,0.0
2020-06-12,11545.5,11545.5,11545.5,11545.5,0,2918.725,2384.2180078125,50.19790243973008,0.0
2020-06-15,28.0,28.0,28.0,28.0,0,2320.125,2384.2180078125,50.0,0.0
2020-06-16,28.0,28.0,28.0,28.0,0,2320.125,2161.14201171875,50.0,0.0
2020-06-17,28.0,28.0,28.0,28.0,0,2320.125,2161.14201171875,50.0,0.0
2020-06-18,28.0,28.0,28.0,28.0,0,2320.125,2161.14201171875,39.77848883560063,0.0
2020-06-19,12181.7998046875,12181.7998046875,11454.5,11454.5,121,2891.45,2389.67201171875,59.99996513052022,0.0
2020-06-22,28.0,28.0,28.0,28.0,0,2329.214990234375,2389.67201171875,50.0,0.0
2020-06-23,2.4600000381469727,2.4600000381469727,2.4600000381469727,2.4600000381469727,0,2327.9379902362825,2389.1612117195127,49.98138069762108,0.0
2020-06-24,28.0,28.0,28.0,28.0,5250,2327.9379902362825,2389.1612117195127,50.0,0.0
2020-06-25,28.0,28.0,28.0,28.0,2100,2327.9379902362825,2389.1612117195127,40.104178943731156,0.0
2020-06-26,12272.7001953125,12272.7001953125,11363.599609375,11363.599609375,209,2307.4829609394073,2615.873203907013,59.895821056268844,0.0
2020-06-29,28.0,28.0,28.0,28.0,5,2307.4829609394073,2367.343203907013,50.0,0.0
2020-06-30,28.0,28.0,28.0,28.0,316,2307.4829609394073,2367.343203907013,50.0,0.0
2020-07-01,28.0,28.0,28.0,28.0,0,2307.4829609394073,2367.343203907013,50.0,0.0
2020-07-02,28.0,28.0,28.0,28.0,21,2307.4829609394073,2367.343203907013,39.91334792453675,0.0
2020-07-06,28.0,28.0,28.0,28.0,2677,1740.7029804706574,2367.343203907013,50.0,0.0
2020-07-07,28.0,28.0,28.0,28.0,4308,1740.7029804706574,2125.175196094513,50.0,0.0
2020-07-08,28.0,28.0,28.0,28.0,3116,1740.7029804706574,2125.175196094513,50.0,0.0
2020-07-09,28.0,28.0,28.0,28.0,8709,1740.7029804706574,2125.175196094513,50.0,0.0
2020-07-10,12090.900390625,12090.900390625,12090.900390625,12090.900390625,0,2343.848000001907,2366.4332039070127,50.68857093705045,0.0
2020-07-13,30.28569984436035,30.761899948120117,28.66670036315918,29.142900466918945,56547,1768.0301450252532,2366.4560619163512,50.00121982410984,0.0
2020-07-14,28.857099533081055,28.95240020751953,28.0,28.28569984436035,133908,1768.0444300174713,2114.2937681007384,50.02757844554074,0.0
2020-07-15,28.095199584960938,28.381000518798828,28.0,28.0,58885,1768.0444300174713,2114.2937681007384,50.0,0.0
2020-07-16,28.0,28.0,28.0,28.0,0,1768.0444300174713,2114.2937681007384,50.0,0.0
2020-07-17,12272.7001953125,12909.099609375,12272.7001953125,12727.2998046875,3091,2403.009420251846,2368.2797641944885,51.41578111383566,0.0
2020-07-20,28.28569984436035,29.142900466918945,28.095199584960938,28.66670036315918,142286,1831.7177552700043,2368.2930982017515,50.00067311197428,0.0
2020-07-21,28.66670036315918,29.809499740600586,28.571399688720703,29.142900466918945,277512,1831.7749002933501,2134.3299601173403,50.00115388056614,0.0
2020-07-22,29.618999481201172,30.095199584960938,28.761899948120117,28.857099533081055,155875,1833.0947552680968,2134.3471021080018,50.00086532888535,0.0
2020-07-23,28.95240020751953,30.095199584960938,28.857099533081055,30.0,334692,1833.194755268097,2134.3871021080017,50.00201915619553,0.0
2020-07-24,12545.5,12545.5,12272.7001953125,12363.599609375,21263,2449.974735736847,2381.099094295502,59.970701198473044,0.0
2020-07-27,30.95240020751953,31.238100051879883,30.381000518798828,30.571399688720703,257015,1883.3233252525329,2381.150522289276,50.00173292973319,0.0
2020-07-28,30.571399688720703,33.23809814453125,30.381000518798828,32.66669845581055,905565,1883.5566601753235,2141.8038562583924,50.00314491448425,0.0
2020-07-29,33.14289855957031,34.285701751708984,31.618999481201172,33.04759979248047,1067124,1883.8090401649474,2141.9048082542417,50.003401588586236,0.0
2020-07-30,31.428600311279297,33.4286003112793,31.428600311279297,32.5713996887207,428474,1884.0376101493835,2141.9962362480164,40.29625056854857,0.0
2020-07-31,11909.099609375,12727.2998046875,11863.599609375,12727.2998046875,17248,2519.0026003837584,2395.9822323417666,60.11558859897497,0.0
2020-08-03,32.66669845581055,34.476200103759766,32.66669845581055,33.80950164794922,837822,2519.293075466156,2396.0984223747255,50.00366018678036,0.0
2020-08-04,33.90480041503906,34.0,32.76190185546875,32.95240020751953,725417,2519.540695476532,2171.3034664726256,50.00328153926454,0.0
2020-08-05,32.66669845581055,34.19049835205078,32.09519958496094,33.23809814453125,1083898,2519.8026003837585,2171.4082284355163,50.00347083412736,0.0
2020-08-06,33.23809814453125,33.714298248291016,33.14289855957031,33.4286003112793,524059,2520.0740303993225,2171.516800441742,39.886920089836806,0.0
2020-08-07,13636.400390625,13636.400390625,13636.400390625,13636.400390625,11,2597.3490303993226,2443.684808254242,60.687147982793675,0.0
2020-08-10,35.523799896240234,35.523799896240234,33.33330154418945,33.61899948120117,404353,2597.5728353500367,2208.903184337616,50.00289653975717,0.0
2020-08-11,33.61899948120117,33.61899948120117,33.61899948120117,33.61899948120117,0,2597.8395003318788,2209.01556432724,50.00308149652067,0.0
2020-08-12,33.33330154418945,36.5713996887207,33.33330154418945,36.09519958496094,1690465,2598.2442603111267,2209.177468318939,50.003944226551766,0.0
2020-08-13,36.19049835205078,36.19049835205078,34.19049835205078,34.38100051879883,313607,2598.5633103370665,2209.3050883293154,40.506561797696875,0.0
2020-08-14,13727.2998046875,13727.2998046875,13181.7998046875,13636.400390625,1133,2644.0183396339417,2481.4730961418154,60.27561245431823,0.0
2020-08-17,34.476200103759766,34.85710144042969,33.90480041503906,34.09519958496094,248113,2644.2897645950316,2254.8830079460145,50.000894998374754,0.0
2020-08-18,33.80950164794922,34.66669845581055,33.04759979248047,33.23809814453125,299188,2644.4945244789124,2254.987769908905,50.00011935216196,0.0
2020-08-19,33.80950164794922,34.76190185546875,33.04759979248047,33.23809814453125,575078,2644.713574409485,2255.0925318717955,50.000417706379245,0.0
2020-08-20,33.4286003112793,34.66669845581055,33.23809814453125,33.33330154418945,390401,2644.8802394866943,2255.1991979026793,40.54242425345735,0.0
2020-08-21,13545.5,13681.7998046875,13545.5,13681.7998046875,3762,2710.7902492523194,2528.2751939964296,60.025700608506284,0.0
2020-08-24,34.19049835205078,34.19049835205078,32.95240020751953,33.23809814453125,146607,2710.9235841751097,2298.02995595932,50.00017481851048,0.0
2020-08-25,33.33330154418945,33.61899948120117,32.76190185546875,32.85710144042969,158701,2710.933104324341,2298.1270979881288,49.999766868464896,0.0
2020-08-26,32.95240020751953,34.0,32.66669845581055,32.76190185546875,302619,2710.9188194274902,2298.222336025238,49.99959204734829,0.0
2020-08-27,33.23809814453125,33.33330154418945,32.38100051879883,32.95240020751953,293595,2710.9378694534303,2298.3213840293884,40.01361088024252,0.0
2020-08-28,13954.5,13954.5,13954.5,13954.5,33,2772.297879219055,2576.8513840293886,60.17181314932554,0.0
2020-08-31,33.33330154418945,34.0,33.04759979248047,33.523799896240234,278853,2772.2835941314697,2348.431860027313,49.99994219796723,0.0
2020-09-01,33.61899948120117,35.14289855957031,32.76190185546875,34.0,1015462,2772.335974121094,2348.551860027313,49.99872783335695,0.0
2020-09-02,34.476200103759766,34.76190185546875,33.80950164794922,34.09519958496094,347259,2772.378829193115,2349.1845640182496,49.99982646351897,0.0
2020-09-03,34.09519958496094,34.95240020751953,33.714298248291016,34.19049835205078,492917,2772.4169240951537,2349.3083739852905,40.106640857865756,0.0
2020-09-04,13954.5,13954.5,13954.5,13954.5,0,2788.321904563904,2627.8383739852907,60.07817260463573,0.0
2020-09-08,35.04759979248047,38.19049835205078,35.04759979248047,37.04759979248047,1630297,2788.493334579468,2401.3073337936403,50.00229546841324,0.0
2020-09-09,37.14289855957031,37.714298248291016,35.23809814453125,35.523799896240234,648803,2788.5885746002195,2401.457809791565,50.001377256216095,0.0
2020-09-10,36.09519958496094,36.85710144042969,35.23809814453125,36.476200103759766,692070,2788.6076246261596,2401.62733379364,50.001893743074824,0.0
2020-09-11,13181.7998046875,13181.7998046875,13181.7998046875,13181.7998046875,0,3445.9785648345946,2664.7033298873903,49.69688879606059,0.0
2020-09-14,36.0,36.285701751708984,35.33330154418945,35.90480041503906,526277,2765.9537853240968,2664.861425895691,50.001626527635885,0.0
2020-09-15,35.90480041503906,36.19049835205078,35.14289855957031,35.23809814453125,452568,2766.010930252075,2665.0061878585816,50.00145225940124,0.0
2020-09-16,35.23809814453125,35.714298248291016,34.95240020751953,35.23809814453125,307111,2766.1109302520754,2665.1509498214723,50.00151032696102,0.0
2020-09-17,35.23809814453125,35.4286003112793,34.476200103759766,34.5713996887207,412393,2766.1775953292845,2665.2823778152465,50.00098748405884,0.0
2020-09-18,13636.400390625,13636.400390625,13636.400390625,13636.400390625,0,3446.330949783325,2937.4503856277465,49.80522032139375,0.0
2020-09-21,34.66669845581055,34.85710144042969,33.523799896240234,33.80950164794922,259516,2763.9314346313477,2696.3085678482057,50.0001756265121,0.0
2020-09-22,33.61899948120117,33.90480041503906,32.95240020751953,33.04759979248047,180229,2763.921909713745,2696.386661834717,49.99941454282988,0.0
2020-09-23,33.80950164794922,33.80950164794922,32.5713996887207,32.76190185546875,191448,2763.917149734497,2696.476185874939,49.99918040033876,0.0
2020-09-24,32.76190185546875,33.90480041503906,32.76190185546875,33.04759979248047,147072,2763.9314346313477,2696.5771378707886,49.99929744343004,0.0
2020-09-25,13181.7998046875,13818.2001953125,13181.7998046875,13818.2001953125,704,3453.1938243865966,2972.3811417770385,49.91607504886278,0.0
2020-09-28,32.85710144042969,33.61899948120117,32.38100051879883,33.04759979248047,181183,2757.1212043762207,2718.496097679138,49.99753302924086,0.0
2020-09-29,33.14289855957031,33.14289855957031,32.19049835205078,32.285701751708984,271546,2757.059299468994,2718.568477706909,49.99800290787199,0.0
2020-09-30,32.19049835205078,32.38100051879883,31.04759979248047,31.238100051879883,407967,2756.921204471588,2718.6103816986083,49.99676941351743,0.0
2020-10-01,32.09519958496094,33.23809814453125,31.809499740600586,32.19049835205078,297080,2756.8259694099424,2718.6770496749878,40.32064313803548,0.0
2020-10-02,13636.400390625,13636.400390625,13636.400390625,13636.400390625,627,3436.93646402359,2990.805057487488,59.94415600456096,0.0
2020-10-05,31.618999481201172,32.09519958496094,30.190500259399414,30.476200103759766,308187,2740.735274028778,2744.142589302063,49.997096036071454,0.0
2020-10-06,30.95240020751953,30.95240020751953,29.618999481201172,29.809499740600586,503884,2740.3733690261843,2744.1273513031006,49.996689486917894,0.0
2020-10-07,29.904800415039062,30.761899948120117,29.523799896240234,29.809499740600586,640872,2740.087654018402,2744.070207328796,49.99709603490835,0.0
2020-10-08,30.476200103759766,30.476200103759766,29.238100051879883,29.523799896240234,429312,2739.740034008026,2743.999731330872,40.05171878150937,0.0
2020-10-09,13590.900390625,13590.900390625,13590.900390625,13590.900390625,1100,2760.195063304901,3015.1663111495973,59.91785884717598,0.0
2020-10-12,28.66670036315918,29.238100051879883,28.095199584960938,28.381000518798828,527166,2759.818873310089,2761.187935066223,49.99715133814999,0.0
2020-10-13,28.761899948120117,30.0,28.381000518798828,29.33329963684082,214245,2759.5236333847047,2761.098411026001,49.99790707359252,0.0
2020-10-14,29.523799896240234,30.0,29.04759979248047,29.618999481201172,170266,2759.2426784515383,2761.0317430114746,49.997907074756874,0.0
2020-10-15,29.904800415039062,30.0,29.33329963684082,29.618999481201172,201274,2758.995058441162,2760.959361038208,39.87981190171132,0.0
2020-10-16,13454.5,13454.5,13454.5,13454.5,0,2749.900038909912,3029.380789031982,59.90310449733074,0.0
2020-10-19,29.33329963684082,29.428600311279297,28.381000518798828,28.476200103759766,313801,2749.6333738327025,2757.2223052215577,49.997653933556,0.0
2020-10-20,29.33329963684082,30.0,28.571399688720703,28.761899948120117,532467,2749.4190888404846,2757.125163230896,49.99847502770026,0.0
2020-10-21,29.428600311279297,30.0,29.142900466918945,29.428600311279297,603325,2749.252423763275,2757.0413552474974,49.99829907412501,0.0
2020-10-22,29.428600311279297,29.428600311279297,28.0,28.28569984436035,652625,2749.0143287658693,2756.8851652526855,39.93259410958724,0.0
2020-10-23,13545.5,13636.400390625,13545.5,13636.400390625,1551,2739.924338531494,3028.9255530548094,60.06545910661489,0.0
2020-10-26,28.28569984436035,28.28569984436035,28.28569984436035,28.28569984436035,0,2739.686243534088,2756.763259239197,49.99906163773601,0.0
2020-10-27,28.571399688720703,30.28569984436035,28.381000518798828,29.904800415039062,818118,2739.5671984672545,2756.6794512557985,50.000058685378335,0.0
2020-10-28,30.0,30.0,28.761899948120117,28.857099533081055,262756,2739.4481484413145,2756.5918312835693,49.999589455204834,0.0
2020-10-29,29.142900466918945,29.142900466918945,28.0,28.095199584960938,1281819,2739.24338350296,2756.4889733123778,39.97374042066318,0.0
2020-10-30,14000.0,14000.0,13000.0,13950.0,890,2754.9233639717104,3034.822307281494,60.23711670289316,0.0
2020-11-02,30.095199584960938,30.95240020751953,30.0,30.095199584960938,1522599,2754.9043139457704,2761.7882151794433,50.00046505660806,0.0
2020-11-03,30.381000518798828,31.523799896240234,29.428600311279297,31.04759979248047,1399206,2754.9662189483643,2761.7444052124024,50.000871997182,0.0
2020-11-04,31.04759979248047,31.523799896240234,30.0,30.66670036315918,682429,2755.009078979492,2761.700597190857,50.00063949864866,0.0
2020-11-05,30.476200103759766,31.71430015563965,30.095199584960938,30.476200103759766,1091188,2755.056698989868,2761.654883155823,40.2001707335569,0.0
2020-11-06,14450.0,14450.0,14000.0,14400.0,3110,2795.5116794586183,3048.9958351516725,60.34896262754752,0.0
2020-11-09,30.857099533081055,32.66669845581055,30.66670036315918,31.618999481201172,2054984,2795.673579406738,2770.5382151412964,50.00170465828215,0.0
2020-11-10,31.904800415039062,32.19049835205078,30.476200103759766,30.66670036315918,1034179,2795.7402494430544,2770.481073150635,50.00073869681139,0.0
2020-11-11,30.857099533081055,30.857099533081055,29.71430015563965,30.0,753010,2795.759299468994,2770.4010731506346,50.00102282142119,0.0
2020-11-12,30.0,30.95240020751953,30.0,30.190500259399414,698098,2795.7878745079042,2770.3229791641234,40.30822056337175,0.0
2020-11-13,14400.0,14400.0,14400.0,14400.0,0,2843.062874507904,3057.6391691970825,60.127160770506045,0.0
2020-11-16,30.381000518798828,31.33329963684082,30.28569984436035,31.04759979248047,680304,2843.19144449234,2779.170121192932,50.0006696852455,0.0
2020-11-17,30.857099533081055,32.38100051879883,30.571399688720703,31.142900466918945,1246554,2843.31049451828,2779.052027206421,50.00133950392055,0.0
2020-11-18,31.238100051879883,31.428600311279297,30.095199584960938,30.28569984436035,380732,2843.3533494949343,2778.9472652053832,50.00128365526703,0.0
2020-11-19,30.28569984436035,30.28569984436035,30.28569984436035,30.28569984436035,0,2843.453349494934,2778.8234552001954,40.25241794973386,0.0
2020-11-20,14300.0,14550.0,14300.0,14550.0,15080,2889.133329963684,2806.187459106445,60.083173840913716,0.0
2020-11-23,29.899999618530273,30.0,29.399999618530273,29.600000381469727,215531,2889.1990449905397,2806.061363105774,49.99916343186724,0.0
2020-11-24,29.899999618530273,30.700000762939453,29.799999237060547,30.299999237060547,255449,2889.2188049316405,2805.9626011276246,49.99978808409109,0.0
2020-11-25,30.200000762939453,30.600000381469727,30.0,30.299999237060547,436488,2889.2909499168395,2805.863839149475,49.999898173617765,0.0
2020-11-27,14800.0,14900.0,14800.0,14900.0,7750,3632.8861899375916,3103.1724111557005,50.28728889414201,0.0
2020-11-30,29.899999618530273,30.5,29.799999237060547,30.399999618530273,264820,2936.906189918518,2831.0524033355714,49.99930360086504,0.0
2020-12-01,30.600000381469727,32.29999923706055,30.600000381469727,31.700000762939453,1247947,2936.986429977417,2831.010213317871,50.00059030904585,0.0
2020-12-02,31.899999618530273,33.20000076293945,31.399999618530273,32.70000076293945,1193856,2937.0690500259398,2831.0032613372805,50.00154246413232,0.0
2020-12-03,33.20000076293945,33.20000076293945,31.799999237060547,32.0,647326,2937.135715007782,2830.988023300171,50.00103373015214,0.0
2020-12-04,15700.0,15900.0,15700.0,15700.0,10740,3720.611905002594,3144.327071304321,50.731808760844174,0.0
2020-12-07,32.79999923706055,32.79999923706055,31.799999237060547,31.899999618530273,366726,3002.2069049835204,2868.601067390442,50.00047292401705,0.0
2020-12-08,31.799999237060547,32.099998474121094,31.100000381469727,31.299999237060547,472695,3002.1909549713137,2868.5661153793335,50.00008716023057,0.0
2020-12-09,31.299999237060547,32.0,31.299999237060547,31.899999618530273,322090,3002.252619934082,2868.5584013366697,50.000895634905056,0.0
2020-12-10,32.099998474121094,32.099998474121094,31.200000762939453,31.299999237060547,386196,3002.317619895935,2868.5596393203737,50.00056274299649,0.0
2020-12-11,15200.0,15400.0,15000.0,15400.0,3890,3770.808094882965,3175.9158293533324,50.46718698470064,0.0
2020-12-14,31.700000762939453,31.700000762939453,31.0,31.200000762939453,271782,3052.368094921112,2903.811821556091,50.00087128526603,0.0
2020-12-15,31.299999237060547,31.700000762939453,30.5,30.799999237060547,548385,3052.355714893341,2903.818297538757,50.00027227747033,0.0
2020-12-16,30.799999237060547,30.799999237060547,30.799999237060547,30.799999237060547,0,3052.338569831848,2903.8381075286866,50.00027227747033,0.0
2020-12-17,31.100000381469727,31.100000381469727,30.5,30.700000762939453,128698,3052.359284877777,2903.855917549133,40.33814824298074,0.0
2020-12-18,15450.0,15500.0,15000.0,15000.0,5000,3800.844999885559,3203.2654415512084,59.71443849425598,0.0
2020-12-21,30.299999237060547,31.100000381469727,30.0,30.799999237060547,366585,3074.884999847412,2932.0634337234496,49.99951095431894,0.0
2020-12-22,31.0,31.200000762939453,30.200000762939453,30.299999237060547,388829,3074.9199997901915,2932.101813697815,49.99869587247933,0.0
2020-12-23,30.299999237060547,30.5,30.200000762939453,30.299999237060547,370526,3074.9199997901915,2932.1211476898193,49.99907623615148,0.0
2020-12-24,30.299999237060547,30.899999618530273,30.200000762939453,30.700000762939453,299813,3074.939999866486,2932.1427677154543,39.73814398242588,0.0
2020-12-28,31.5,32.20000076293945,31.299999237060547,31.899999618530273,849884,2331.534999847412,2932.188387718201,50.0,0.0
2020-12-29,31.799999237060547,33.099998474121094,31.799999237060547,32.79999923706055,1323185,2331.6549998283385,2663.754387702942,50.001235977831485,0.0
2020-12-30,33.0,33.099998474121094,31.899999618530273,32.099998474121094,710292,2331.6749997138977,2663.826863670349,50.00016479582964,0.0
2020-12-31,32.099998474121094,32.099998474121094,32.099998474121094,32.099998474121094,0,2331.6449995994567,2663.8936256408692,50.000659192979796,0.0
2021-01-04,32.5,35.5,32.5,34.599998474121094,1959125,2331.774999523163,2663.997053604126,33.045637108260266,0.0
2021-01-05,34.5,34.5,32.5,32.79999923706055,984999,1548.4149994850159,2664.08733959198,50.00267138356784,0.0
2021-01-06,32.900001525878906,33.099998474121094,32.099998474121094,32.400001525878906,676829,1548.4399995803833,2392.0073318099976,50.00267138993726,0.0
2021-01-07,32.70000076293945,35.599998474121094,32.599998474121094,35.599998474121094,3408159,1548.6549995422363,2392.153617782593,50.00801330080961,0.0
2021-01-08,19000.0,19000.0,19000.0,19000.0,11110,2497.0599995613097,2771.555521774292,69.39026260180154,0.0
2021-01-11,35.20000076293945,36.29999923706055,33.599998474121094,35.599998474121094,1340653,2497.274999523163,2771.6903797531127,35.85852094708953,0.0
2021-01-12,36.0,36.29999923706055,34.79999923706055,35.79999923706055,1023993,1729.064999485016,2771.844475746155,50.006589247402786,0.0
2021-01-13,35.79999923706055,38.0,35.70000076293945,36.900001525878906,2325405,1729.3499995231628,2493.5824757766723,50.0086976720408,0.0
2021-01-14,37.400001525878906,38.0,34.70000076293945,35.099998474121094,1006161,1729.564999485016,2493.6825717544557,50.00632527638376,0.0
2021-01-15,18500.0,19200.0,18100.0,18500.0,4580,2653.024999523163,2863.061619758606,66.371315869333,0.0
2021-01-19,33.599998474121094,35.0,33.599998474121094,34.599998474121094,338066,2653.219999408722,2863.140285720825,50.001803083712105,0.0
2021-01-20,34.5,35.29999923706055,33.5,33.70000076293945,334054,1904.904999446869,2863.2047617340086,50.000601029177794,0.0
2021-01-21,34.29999923706055,34.29999923706055,33.099998474121094,33.400001525878906,436225,1905.0349995613099,2575.8727617645263,50.00086815846106,0.0
2021-01-22,17600.0,18800.0,17600.0,18800.0,13360,2843.5199995994567,2951.2403817749023,60.02152974448383,0.0
2021-01-25,32.70000076293945,33.099998474121094,32.20000076293945,32.400001525878906,296005,2843.6249997138975,2951.2750477981567,49.99902137979047,0.0
2021-01-26,32.70000076293945,33.5,32.29999923706055,32.400001525878906,90233,2843.7099997520445,2951.323047828674,49.99982206697474,0.0
2021-01-27,32.5,32.900001525878906,32.099998474121094,32.29999923706055,106749,2843.729999732971,2951.3652378082274,49.99995551535227,0.0
2021-01-28,32.29999923706055,32.29999923706055,32.29999923706055,32.29999923706055,0,2843.7049997329714,2664.0112377929686,49.99853199877007,0.0
2021-01-29,16200.0,17100.0,16200.0,17000.0,19280,3692.0999998092652,3003.3902857971193,49.09421110322289,0.0
2021-02-01,32.400001525878906,32.5,31.399999618530273,31.899999618530273,49760,3692.0899998664854,3003.4054277801515,49.99829343245479,0.0
2021-02-02,31.700000762939453,32.29999923706055,31.5,31.600000381469727,101310,3691.939999961853,3003.4317137908934,49.998062816934585,0.0
2021-02-03,31.600000381469727,31.899999618530273,31.299999237060547,31.399999618530273,84573,3691.8699999809264,3003.453999786377,49.9974631900203,0.0
2021-02-04,31.5,32.29999923706055,31.200000762939453,31.700000762939453,114923,3691.8349999427796,2713.0879998016358,49.99843177009405,0.0
2021-02-05,15500.0,15900.0,15000.0,15900.0,7910,4485.055000019073,3030.4959997940064,48.771333896620625,0.0
2021-02-08,31.600000381469727,31.600000381469727,30.100000381469727,31.100000381469727,310350,3536.610000038147,3030.5119998168943,49.99830441728955,0.0
2021-02-09,31.299999237060547,31.700000762939453,31.0,31.5,105796,3536.405000114441,3030.5359998321533,49.99893419903974,0.0
2021-02-10,31.200000762939453,32.29999923706055,31.200000762939453,31.899999618530273,285207,3536.2100001335143,2733.173999824524,49.999273317559165,0.0
2021-02-11,32.29999923706055,32.29999923706055,31.0,31.5,99659,3535.9400000572205,2733.195999832153,38.8868427940897,0.0
2021-02-12,16450.0,16450.0,16450.0,16450.0,0,4356.685000133514,3061.5619998168945,59.999317850609785,0.0
2021-02-16,33.20000076293945,33.20000076293945,30.899999618530273,31.100000381469727,224517,3433.240000152588,3061.529999809265,49.99934018467485,0.0
2021-02-17,31.5,32.5,31.399999618530273,32.0,181607,3433.1100002288817,3061.529999809265,49.999847736682725,0.0
2021-02-18,31.299999237060547,32.0,31.299999237060547,31.700000762939453,140468,3433.010000228882,2748.163999824524,49.99969547429283,0.0
2021-02-19,16300.0,16600.0,16300.0,16600.0,3020,4261.340000152588,3079.5259998321535,49.796155908108894,0.0
2021-02-22,31.799999237060547,31.799999237060547,31.200000762939453,31.600000381469727,53720,3322.9200001716613,3079.5319998550417,49.9998464919551,0.0
2021-02-23,31.200000762939453,31.600000381469727,30.899999618530273,31.0,69706,3322.8500000953672,3079.513999862671,49.99969298387681,0.0
2021-02-24,31.399999618530273,32.099998474121094,31.0,31.899999618530273,110655,3322.825,3079.5259998703004,50.00025584477387,0.0
2021-02-25,32.0,32.400001525878906,31.600000381469727,31.899999618530273,137906,3322.8050000190733,2772.163999862671,50.00010233763816,0.0
2021-02-26,16400.0,16400.0,16000.0,16050.0,4230,4123.6900000572205,3092.539999847412,50.07663618249928,0.0
2021-03-01,31.799999237060547,32.0,31.200000762939453,31.600000381469727,69963,3275.270000076294,3092.5559998703,50.00025506430172,0.0
2021-03-02,31.799999237060547,32.400001525878906,31.5,32.20000076293945,141128,3275.2850001335146,3092.583999900818,50.00035708968296,0.0
2021-03-03,32.70000076293945,32.70000076293945,31.5,31.799999237060547,306163,3275.295000076294,3092.6059998703004,49.99994898704915,0.0
2021-03-04,31.799999237060547,32.099998474121094,31.600000381469727,31.799999237060547,67100,3275.3150000572205,2793.2419998550413,50.0001530385041,0.0
2021-03-05,15800.0,16700.0,15800.0,16700.0,7770,4108.7300000190735,3126.6259998703003,50.12720833672556,0.0
2021-03-08,32.099998474121094,32.70000076293945,32.0,32.5,287499,3315.3550000190735,3126.6699998855593,50.000710568809744,0.0
2021-03-09,32.79999923706055,32.900001525878906,32.0,32.099998474121094,56107,3315.404999923706,3126.7059998703003,50.00005075441196,0.0
2021-03-10,32.5,32.599998474121094,31.700000762939453,32.20000076293945,187225,3315.439999961853,3126.7359998703005,50.0002537764473,0.0
2021-03-11,31.799999237060547,32.79999923706055,31.799999237060547,32.29999923706055,201291,3315.4599999427796,3126.743999862671,39.89080307586952,0.0
2021-03-12,16800.0,17200.0,16800.0,17000.0,6290,4163.884999942779,3466.0879998779296,60.30348663422476,0.0
2021-03-15,32.29999923706055,32.29999923706055,31.5,31.799999237060547,101910,3342.9749999046326,3466.0819998931884,50.000402776358726,0.0
2021-03-16,32.099998474121094,32.5,31.5,32.400001525878906,341827,3343.039999961853,3466.0879999542235,50.000251737185025,0.0
2021-03-17,17650.0,18300.0,17600.0,18000.0,16810,4241.439999961853,3825.395999984741,57.660479936659435,0.0
2021-03-18,31.899999618530273,31.899999618530273,31.200000762939453,31.200000762939453,52577,4241.414999961853,3825.3640000152586,43.28231649184129,0.0
2021-03-19,18200.0,18400.0,18200.0,18300.0,8210,4326.414999961853,4190.715999984741,57.51915968964102,0.0
2021-03-22,31.0,31.399999618530273,30.799999237060547,31.0,25004,4326.384999942779,4190.624000015258,49.99957065363546,0.0
2021-03-23,31.899999618530273,31.899999618530273,30.799999237060547,30.899999618530273,42664,4326.379999923706,3811.2420000076295,49.99967798987653,0.0
2021-03-24,30.600000381469727,30.899999618530273,30.399999618530273,30.399999618530273,63175,4326.304999923706,3811.1380000305176,49.99949909707985,0.0
2021-03-25,30.399999618530273,30.600000381469727,30.0,30.299999237060547,42505,4326.224999904633,3811.0280000305174,43.2280761620553,0.0
2021-03-26,17000.0,17000.0,16500.0,16600.0,2960,4353.724999904633,4142.29,56.73575824670798,0.0
2021-03-29,30.200000762939453,30.200000762939453,30.200000762939453,30.200000762939453,0,4353.654999923706,4142.192000045777,49.99931924660172,0.0
2021-03-30,30.200000762939453,30.200000762939453,30.200000762939453,30.200000762939453,0,4353.554999923706,3772.796000061035,49.99928341609877,0.0
2021-03-31,30.299999237060547,30.299999237060547,29.799999237060547,29.899999618530273,44261,4353.459999942779,3772.7020000839234,49.9991401006876,0.0
2021-04-01,29.700000762939453,30.299999237060547,29.700000762939453,30.200000762939453,30789,4353.380000019073,3772.6320000839232,43.07828603827969,0.0
2021-04-05,29.899999618530273,30.0,29.5,29.899999618530273,9710,3519.875,3772.5620000457766,49.999100514402436,0.0
2021-04-06,30.100000381469727,30.5,29.899999618530273,30.200000762939453,21850,3519.760000038147,3397.166000061035,49.99895848683202,0.0
2021-04-07,30.100000381469727,30.899999618530273,30.0,30.600000381469727,36460,3519.685000133514,3397.130000038147,39.74915685915849,0.0
2021-04-08,30.0,30.100000381469727,29.399999618530273,29.399999618530273,60980,3519.545000076294,3397.07,49.99870839517896,0.0
2021-04-09,17400.0,17850.0,17300.0,17800.0,8360,4407.930000114441,3752.4240000152586,49.63863746089631,0.0
2021-04-12,29.399999618530273,29.5,29.399999618530273,29.399999618530273,36120,3559.4000000953674,3752.3660000228883,49.99883524858605,0.0
2021-04-13,29.399999618530273,29.799999237060547,29.399999618530273,29.600000381469727,27748,3559.2900001525877,3412.9580000305177,49.99905364163504,0.0
2021-04-14,17100.0,17600.0,16800.0,17100.0,6660,4412.670000076294,3754.320000038147,59.95263205714158,0.0
2021-04-15,29.399999618530273,29.899999618530273,29.399999618530273,29.799999237060547,16580,3514.160000038147,3754.2840000152587,49.99975686681068,0.0
2021-04-16,16750.0,17200.0,15800.0,16200.0,8580,4322.6,4077.6560000228883,49.804734790805945,0.0
2021-04-19,29.399999618530273,29.899999618530273,29.399999618530273,29.600000381469727,11187,3409.0800000190734,4077.6140000152586,49.99970595538885,0.0
2021-04-20,29.399999618530273,30.200000762939453,29.399999618530273,30.0,42507,3409.0300000190737,3760.214000015259,49.99990198520231,0.0
2021-04-21,30.0,30.399999618530273,30.0,30.100000381469727,27702,3408.9900000572206,3760.194000015259,50.00009801498983,0.0
2021-04-22,30.200000762939453,30.200000762939453,30.0,30.100000381469727,50176,3408.9750000953672,3760.166000022888,49.99995099236098,0.0
2021-04-23,15500.0,15900.0,15100.0,15900.0,5230,4202.460000133515,4077.5280000305174,56.730613453134666,0.0
2021-04-26,31.100000381469727,32.900001525878906,31.100000381469727,31.600000381469727,173630,3374.0400001525877,4077.530000038147,50.00052331347926,0.0
2021-04-27,31.0,31.0,30.5,30.600000381469727,52640,3374.060000133514,3749.1420000457765,50.0,0.0
2021-04-28,30.100000381469727,30.700000762939453,30.0,30.5,19103,3374.0750000953676,3749.130000038147,50.000411176668145,0.0
2021-04-29,31.0,31.0,30.5,30.899999618530273,47776,3374.1250000953673,3749.1080000305174,42.34039673314257,0.0
2021-04-30,15600.0,15600.0,15600.0,15600.0,0,4152.615000057221,4060.4740000152588,56.8417657667513,0.0
2021-05-03,31.100000381469727,31.899999618530273,30.799999237060547,31.600000381469727,199677,4152.700000095368,3729.106000022888,50.00077304246322,0.0
2021-05-04,31.5,31.600000381469727,31.0,31.600000381469727,73778,4152.770000076294,3729.106000022888,42.39976275438445,0.0
2021-05-05,31.200000762939453,31.700000762939453,31.200000762939453,31.399999618530273,124863,4152.810000038147,3729.1140000152586,50.00084017218351,0.0
2021-05-06,32.0,32.29999923706055,31.5,31.700000762939453,238930,4152.925000095367,3729.110000038147,39.77320310196056,0.0
2021-05-07,15900.0,16400.0,15650.0,15700.0,3110,4047.9250000953675,4042.4720000457764,59.975224898049326,0.0
2021-05-10,15700.0,15700.0,15250.0,15500.0,2050,4821.455000114441,4031.4720000457764,59.82269620619796,0.0
2021-05-11,32.400001525878906,32.5,31.799999237060547,32.29999923706055,112041,4821.59000005722,4031.486000022888,50.00116755658702,0.0
2021-05-12,32.20000076293945,33.0,32.099998474121094,32.79999923706055,223155,3968.2300000190735,4031.4979999923708,50.0014329028903,0.0
2021-05-13,15250.0,15350.0,15250.0,15250.0,2810,4729.240000057221,4335.86200000763,49.65263526917876,0.0
2021-05-14,15250.0,15300.0,14800.0,15200.0,4420,4679.240000057221,4639.226000022888,59.75545128004606,0.0
2021-05-17,33.400001525878906,33.900001525878906,33.099998474121094,33.400001525878906,241180,4679.430000114441,4305.894000053406,50.001506854649065,0.0
2021-05-18,33.5,33.5,32.70000076293945,33.20000076293945,159184,4679.590000152588,4305.9080000686645,50.00145303666436,0.0
2021-05-19,33.20000076293945,33.79999923706055,32.79999923706055,33.0,203168,4679.735000133514,4305.926000099182,50.001130141946554,0.0
2021-05-20,33.29999923706055,34.79999923706055,33.0,34.099998474121094,695799,4679.935000038147,4305.9640000534055,39.93679912298936,0.0
2021-05-21,2.859999895095825,2.880000114440918,2.859999895095825,2.859999895095825,0,3885.078000032902,4305.375200066566,49.976748904280804,0.0
2021-05-24,34.099998474121094,35.0,33.5,34.0,569782,3885.1980000138283,3966.0552000665666,50.00194065823462,0.0
2021-05-25,2.9000000953674316,2.9000000953674316,2.9000000953674316,2.9000000953674316,0,3883.812999999523,3965.4772000837324,49.97696619063166,0.0
2021-05-26,33.29999923706055,33.29999923706055,33.29999923706055,33.29999923706055,0,3883.952999961376,3965.4952000379562,50.00129249607905,0.0
2021-05-27,33.0,33.70000076293945,31.0,32.900001525878906,550746,3884.0530000567437,3606.153200068474,33.05445340440416,0.0
2021-05-28,13900.0,14100.0,13800.0,14000.0,3360,3804.0530000567437,3885.529200053215,48.74989332410355,0.0
2021-06-01,32.70000076293945,33.29999923706055,32.0,32.29999923706055,512023,3804.087999999523,3520.175200037956,50.0,0.0
2021-06-02,32.400001525878906,33.20000076293945,32.0,32.900001525878906,349642,3804.1530000567436,3520.2132000684737,50.00008547937688,0.0
2021-06-03,33.20000076293945,33.79999923706055,32.79999923706055,33.5,418761,3804.258000075817,3520.265200076103,32.42020611430088,0.0
2021-06-04,2.859999895095825,2.859999895095825,2.859999895095825,2.859999895095825,0,3802.816000032425,3519.7144000816347,32.43471534698942,0.0
2021-06-07,36.0,38.20000076293945,35.900001525878906,36.5,1717919,3019.641000032425,3519.838400096893,50.00551090069957,0.0
2021-06-08,36.099998474121094,37.20000076293945,35.20000076293945,35.5,775871,2246.416000032425,3188.548400096893,50.00408861713941,0.0
2021-06-09,35.900001525878906,37.599998474121094,35.400001525878906,37.099998474121094,1248984,2246.655999994278,3188.686400051117,50.007288041413155,0.0
2021-06-10,37.5,39.099998474121094,37.5,38.5,1108373,2246.941000032425,3188.852400035858,50.007821234941574,0.0
2021-06-11,13700.0,14300.0,13700.0,14300.0,16700,2199.441000032425,3474.2544000434877,66.87622554298385,0.0
2021-06-14,36.29999923706055,36.900001525878906,35.0,35.29999923706055,367416,1441.205999994278,3474.35640001297,50.00114856385004,0.0
2021-06-15,36.400001525878906,36.70000076293945,35.70000076293945,36.400001525878906,343366,1441.355999994278,3474.486400051117,50.02961332375905,0.0
2021-06-16,2.8399999141693115,2.8399999141693115,2.8399999141693115,2.8399999141693115,0,1439.8379999518395,3473.9392000341413,49.97307548083029,0.0
2021-06-17,37.0,38.29999923706055,37.0,37.599998474121094,1033626,1440.0679998755454,3474.0791999959947,50.00415194810234,0.0
2021-06-18,2.759999990463257,2.759999990463257,2.759999990463257,2.759999990463257,0,1438.5009999513627,3473.546400003433,33.59735856157016,0.0
2021-06-21,2.759999990463257,2.759999990463257,2.759999990463257,2.759999990463257,0,1438.495999956131,3117.6016000032423,49.94853647909397,0.0
2021-06-22,14900.0,15100.0,14800.0,14950.0,67700,2184.295999956131,3416.013600010872,67.08850956745891,0.0
2021-06-23,15100.0,15100.0,14600.0,14750.0,80200,2921.650999951363,3710.4216000032425,66.78204022279056,0.0
2021-06-24,14500.0,14700.0,14450.0,14550.0,29700,3647.4859999895098,3659.4216000032425,66.52507966484285,0.0
2021-06-25,14500.0,14750.0,14400.0,14750.0,26500,4383.3409999132155,3953.825600018501,66.65112478631235,0.0
2021-06-28,14850.0,14850.0,14450.0,14600.0,14600,4413.3409999132155,3921.825600018501,66.42710356416211,0.0
2021-06-29,35.099998474121094,35.599998474121094,34.900001525878906,35.0,181158,4413.475999951363,3921.933600010872,49.998217140194,0.0
2021-06-30,35.0,36.70000076293945,35.0,36.099998474121094,298807,4413.635999798775,3922.055599980354,49.99796243278081,0.0
2021-07-01,14750.0,15100.0,14600.0,15100.0,74000,5166.9609997987745,4223.453599972725,50.67005940074661,0.0
2021-07-02,15100.0,15200.0,15000.0,15000.0,81400,5916.81799980402,4522.851599965095,66.43334834175187,0.0
2021-07-06,37.29999923706055,39.70000076293945,37.29999923706055,38.79999923706055,1662100,5916.932999765873,4205.627599949837,50.00198374461182,0.0
2021-07-07,39.099998474121094,42.599998474121094,39.0,40.599998474121094,3296910,5917.187999689579,4205.80759991169,50.031227339140976,0.0
2021-07-08,41.5,43.20000076293945,40.70000076293945,42.79999923706055,2450493,5917.472999727726,4206.051599888801,50.00430269305767,0.0
2021-07-09,13700.0,13750.0,13700.0,13700.0,6200,6600.547999727726,4479.441599888802,59.24868777196319,0.0
2021-07-12,42.5,42.70000076293945,41.0,41.79999923706055,1220944,5887.637999689579,4479.659599881172,50.022255706699404,0.0
2021-07-13,41.900001525878906,44.900001525878906,41.900001525878906,44.20000076293945,2611887,5888.082999765873,4168.543599896431,39.75729423027115,0.0
2021-07-14,44.29999923706055,45.400001525878906,43.79999923706055,44.20000076293945,2978958,5888.472999727726,4168.7955999040605,39.866874303388805,0.0
2021-07-15,44.5,45.099998474121094,43.099998474121094,44.099998474121094,2095200,5890.535999655724,4169.045599865914,39.9770048544753,0.0
2021-07-16,2.7799999713897705,2.7799999713897705,2.7799999713897705,2.7799999713897705,0,5888.794999730587,4168.47319987297,39.787868942726895,0.0
2021-07-19,2.7799999713897705,2.7799999713897705,2.7799999713897705,2.7799999713897705,0,5888.795999729633,4167.894799857139,39.87069773159269,0.0
2021-07-20,41.79999923706055,41.79999923706055,41.79999923706055,41.79999923706055,0,5890.747999691963,3854.730799841881,50.005910119617894,0.0
2021-07-21,41.79999923706055,41.79999923706055,41.79999923706055,41.79999923706055,0,5145.337999653816,3545.566799826622,50.00495416680348,0.0
2021-07-22,41.79999923706055,41.79999923706055,41.79999923706055,41.79999923706055,0,4409.927999615669,3545.7567998266222,32.26921794443656,0.0
2021-07-23,2.8399999141693115,2.859999895095825,2.8399999141693115,2.859999895095825,0,3682.570999610424,3545.157999839783,32.3156860546882,0.0
2021-07-26,42.70000076293945,43.599998474121094,41.400001525878906,41.900001525878906,1306353,2947.165999686718,3240.9959998703002,50.00564042480074,0.0
2021-07-27,41.900001525878906,42.900001525878906,41.79999923706055,42.5,1001114,2219.290999686718,2937.8459998703,50.00345718574688,0.0
2021-07-28,42.70000076293945,44.0,41.900001525878906,43.70000076293945,2150776,2219.725999724865,2938.0519998550417,50.00163767535973,0.0
2021-07-29,44.0,44.5,42.900001525878906,43.70000076293945,1355820,2220.1059998393057,2938.2619998550417,0.5951890093654413,0.0
2021-07-30,2.759999990463257,2.759999990463257,2.759999990463257,2.759999990463257,0,1465.243999838829,2937.6571998548507,40.41069002883866,0.0
2021-08-02,43.79999923706055,44.400001525878906,42.900001525878906,43.5,2342107,717.418999838829,2937.8451998853684,49.855311955373345,0.0
2021-08-03,43.5,44.79999923706055,43.400001525878906,43.79999923706055,1410005,717.668999838829,2938.6639998722076,49.91742330193922,0.0
2021-08-04,43.79999923706055,43.79999923706055,43.79999923706055,43.79999923706055,0,717.828999876976,2938.859999856949,49.93804228840516,0.0
2021-08-05,44.29999923706055,45.79999923706055,43.79999923706055,44.70000076293945,1304183,717.9239999532699,2939.6959998703005,60.392701452659885,0.0
2021-08-06,2.880000114440918,2.9000000953674316,2.880000114440918,2.880000114440918,0,33.067999958992004,2939.087599887848,50.020533910136706,0.0
2021-08-09,44.70000076293945,47.0,44.0,46.599998474121094,2448856,33.307999920845035,2939.361599826813,50.966961970649855,0.0
2021-08-10,2.8399999141693115,2.8399999141693115,2.819999933242798,2.819999933242798,0,31.2389998793602,2659.4179998254776,43.32488536941577,0.0
2021-08-11,2.819999933242798,2.819999933242798,2.799999952316284,2.799999952316284,0,29.16899983882904,2658.827999839783,43.321917914336474,0.0
2021-08-12,44.79999923706055,44.900001525878906,43.900001525878906,44.5,774554,29.188999915122984,2659.0599998092653,57.06337361009829,0.0
2021-08-13,2.8399999141693115,2.8399999141693115,2.8399999141693115,2.8399999141693115,0,29.191999912261963,2658.4467998075484,43.43264479523047,0.0
2021-08-16,44.0,44.599998474121094,43.20000076293945,43.5,741195,31.227999913692475,2659.2595998096467,50.14817449025463,0.0
2021-08-17,43.70000076293945,43.900001525878906,42.900001525878906,43.0,381937,31.287999951839446,2659.389599809647,49.89606213036669,0.0
2021-08-18,2.819999933242798,2.819999933242798,2.819999933242798,2.819999933242798,0,29.33899998664856,2658.7359998083116,44.5770984693042,0.0
2021-08-19,2.819999933242798,2.819999933242798,2.819999933242798,2.819999933242798,0,27.390000021457674,2658.050399837494,50.008929094444845,0.0
2021-08-20,2.7799999713897705,2.819999933242798,2.7799999713897705,2.819999933242798,0,27.38800002336502,2657.3367998361587,43.11068956399066,0.0
2021-08-23,13900.0,13900.0,13400.0,13800.0,30500,715.292999947071,2647.3367998361587,98.8081282352837,0.0
2021-08-24,43.400001525878906,43.400001525878906,42.5,42.70000076293945,687703,715.3029999852181,2647.4847998666764,49.99802509626022,0.0
2021-08-25,42.79999923706055,43.0,41.5,41.79999923706055,937237,715.2079999089241,2647.5927998209,49.99479342563324,0.0
2021-08-26,42.0,42.900001525878906,41.79999923706055,42.5,614868,715.1479998707771,2648.3859998226167,50.07123772378629,0.0
2021-08-27,2.7799999713897705,2.799999952316284,2.7799999713897705,2.799999952316284,0,715.1499998688698,2647.6899998521803,49.92123515062951,0.0
2021-08-30,43.20000076293945,43.20000076293945,43.20000076293945,43.20000076293945,0,715.1349999070168,2648.49879986763,50.07262354964363,0.0
2021-08-31,43.5,43.5,42.599998474121094,42.79999923706055,440736,715.0849999070167,2649.299599852562,50.07193913244033,0.0
2021-09-01,42.900001525878906,43.29999923706055,42.099998474121094,42.20000076293945,375637,715.0049999833107,2351.1435998678207,49.995857376939135,0.0
2021-09-02,14000.0,14000.0,14000.0,14000.0,0,1412.7699999451638,2336.1435998678207,66.79270146628548,0.0
2021-09-03,14000.0,14000.0,14000.0,14000.0,0,2112.6259999394415,2325.1435998678207,66.76027232354645,0.0
2021-09-07,2.9000000953674316,2.9000000953674316,2.880000114440918,2.880000114440918,0,2110.4400000214578,2030.2011998701096,49.963941797923454,0.0
2021-09-08,45.0,45.0,43.5,43.79999923706055,760038,2112.4889999866487,1739.0771998548507,50.03683064419594,0.0
2021-09-09,43.900001525878906,45.20000076293945,43.099998474121094,43.79999923706055,674469,2114.5389999508857,1739.253199839592,50.03683064419594,0.0
2021-09-10,2.9000000953674316,2.9000000953674316,2.9000000953674316,2.9000000953674316,0,2112.4589999556542,1738.589199872017,50.00007184707141,0.0
2021-09-13,42.400001525878906,42.79999923706055,41.599998474121094,41.900001525878906,279911,2114.4120000362395,1437.4271999025345,33.588384699781386,0.0
2021-09-14,42.29999923706055,42.5,41.099998474121094,41.5,380212,2114.3120000362396,1138.2571999025345,49.9978692290542,0.0
2021-09-15,2.940000057220459,2.940000057220459,2.940000057220459,2.940000057220459,0,2112.3090000391007,1137.5399999189376,49.93109073967121,0.0
2021-09-16,41.29999923706055,42.70000076293945,41.0,42.5,737922,2114.2930000424385,1137.5779999494553,50.0,0.0
2021-09-17,3.140000104904175,3.140000104904175,3.140000104904175,3.140000104904175,0,2114.3090000510215,1136.7847999668122,50.0006020894488,0.0
2021-09-20,3.200000047683716,3.200000047683716,3.180000066757202,3.180000066757202,0,2114.327000057697,862.8483999681473,49.92902911278934,0.0
2021-09-21,42.20000076293945,42.900001525878906,42.0,42.20000076293945,316792,1426.4370000958443,862.8563999986649,49.99893742690517,0.0
2021-09-22,42.20000076293945,42.900001525878906,41.900001525878906,42.0,425211,1426.4020000576973,862.8123999834061,49.99964580169836,0.0
2021-09-23,3.2799999713897705,3.299999952316284,3.2799999713897705,3.2799999713897705,0,1424.4760000944138,861.9939999675751,1.1076024614572333,0.0
2021-09-24,3.259999990463257,3.259999990463257,3.2200000286102295,3.2200000286102295,0,1422.5120000958443,861.1763999986648,1.1075978186785562,0.0
2021-09-27,42.29999923706055,43.400001525878906,41.79999923706055,42.20000076293945,813485,1424.4820001363755,861.9648000144958,55.526818888836026,0.0
2021-09-28,3.200000047683716,3.200000047683716,3.200000047683716,3.200000047683716,0,1422.4820001006126,861.9732000160217,44.26229527308387,0.0
2021-09-29,3.200000047683716,3.2200000286102295,3.200000047683716,3.200000047683716,0,1420.5020001411438,861.2012000322342,44.26229527308387,0.0
2021-09-30,3.200000047683716,3.200000047683716,3.180000066757202,3.180000066757202,0,1418.5510001063346,860.4288000488282,50.04473986424882,0.0
2021-10-01,3.1600000858306885,3.180000066757202,3.1600000858306885,3.180000066757202,0,718.7100001096726,859.6564000654221,42.9322428308615,0.0
2021-10-04,42.20000076293945,42.400001525878906,40.79999923706055,41.20000076293945,616913,20.77000014781952,860.423200082779,49.951852212575744,0.0
2021-10-05,41.5,41.70000076293945,40.5,40.599998474121094,705936,22.65600006580353,860.3972000217437,56.88281263976307,0.0
2021-10-06,40.70000076293945,41.20000076293945,39.099998474121094,39.400001525878906,464305,22.436000180244445,860.3352000522614,49.341042760143615,0.0
2021-10-07,40.599998474121094,40.70000076293945,38.79999923706055,39.900001525878906,541078,22.241000294685364,860.2592000675202,59.36035875560438,0.0
2021-10-08,3.0999999046325684,3.0999999046325684,3.0799999237060547,3.0999999046325684,0,22.25100028514862,859.447200050354,49.98284142059683,0.0
2021-10-11,39.599998474121094,40.0,39.5,39.79999923706055,484399,22.1460001707077,860.188000035286,49.480069000401905,0.0
2021-10-12,39.79999923706055,40.0,38.5,38.900001525878906,342226,22.01600024700165,860.0960000658035,49.33045389327838,0.0
2021-10-13,39.5,39.599998474121094,38.20000076293945,38.5,462493,23.794000244140626,859.9900000810624,59.11585043887377,0.0
2021-10-14,3.4200000762939453,3.4200000762939453,3.4000000953674316,3.4200000762939453,0,21.840000247955324,859.182400097847,50.043821219629315,0.0
2021-10-15,3.4200000762939453,3.4200000762939453,3.4200000762939453,3.4200000762939453,0,21.854000246524812,858.3568000841141,39.75266870991631,0.0
2021-10-18,3.4800000190734863,3.4800000190734863,3.4800000190734863,3.4800000190734863,0,21.869000244140626,858.3688000822067,50.093159426218755,0.0
2021-10-19,36.79999923706055,36.79999923706055,36.79999923706055,36.79999923706055,0,21.59900016784668,858.1728000974655,59.15032661702783,0.0
2021-10-20,36.79999923706055,36.79999923706055,36.79999923706055,36.79999923706055,0,21.339000129699706,858.8524000835419,59.15677070357995,0.0
2021-10-21,3.259999990463257,3.2799999713897705,3.259999990463257,3.2799999713897705,0,21.339000129699706,858.8620000839234,50.02303083955214,0.0
2021-10-22,3.180000066757202,3.180000066757202,3.1600000858306885,3.1600000858306885,0,21.33600013256073,858.03520008564,39.38616038697156,0.0
2021-10-25,32.0,34.70000076293945,32.0,34.5,138824,20.951000094413757,858.6684000873565,48.54720429384398,0.0
2021-10-26,33.0,36.900001525878906,33.0,36.20000076293945,86888,22.601000130176544,858.5224001026154,49.2396880876803,0.0
2021-10-27,3.200000047683716,3.200000047683716,3.180000066757202,3.180000066757202,0,22.60000013113022,857.7260001039505,42.4432002203264,0.0
2021-10-28,3.0399999618530273,3.0399999618530273,3.0,3.0199999809265137,0,22.592000126838684,857.7300001049042,49.98061265888449,0.0
2021-10-29,3.0,3.0,2.9800000190734863,2.9800000190734863,0,22.5820001244545,857.7332001066208,39.14888616701915,0.0
2021-11-01,35.400001525878906,36.900001525878906,34.099998474121094,36.5,246571,22.347000086307524,858.406800107956,49.406762529149084,0.0
2021-11-02,36.29999923706055,36.900001525878906,35.5,36.29999923706055,177291,22.1320001244545,583.1328000926972,49.4556609366145,0.0
2021-11-03,36.29999923706055,36.29999923706055,34.79999923706055,35.29999923706055,38497,21.92700001001358,582.9848000621796,59.48809496139317,0.0
2021-11-04,3.0399999618530273,3.0399999618530273,3.0399999618530273,3.0399999618530273,0,20.083999931812286,582.2096000766754,49.90512331096789,0.0
2021-11-05,3.0399999618530273,3.0399999618530273,3.0399999618530273,3.0399999618530273,0,20.080999934673308,581.4204000759124,49.89010987571437,0.0
2021-11-08,20090.900390625,20863.599609375,20000.0,20454.5,1773530,1040.8159999728202,990.4544000768661,99.51344288662337,0.0
2021-11-09,20363.599609375,21272.69921875,20045.5,20909.099609375,2127620,2084.3259803652763,1407.7723922491073,99.5239392235262,0.0
2021-11-10,20954.5,21954.5,20954.5,21954.5,2626690,3180.1259803652765,1846.0063922643662,99.69752979348056,0.0
2021-11-11,22000.0,22772.69921875,21636.400390625,22272.69921875,3268100,4293.589941298962,2290.6163766241075,99.70235994847575,0.0
2021-11-12,21909.099609375,22272.69921875,21272.69921875,21681.80078125,2630870,5377.508980357647,2444.2523922491073,97.13628894571639,0.0
2021-11-15,22636.400390625,22636.400390625,21272.69921875,21636.400390625,3238510,6459.154999887944,2596.9804000616073,96.94438842222063,0.0
2021-11-16,21545.5,21863.599609375,20863.599609375,21454.5,2387660,7530.03999992609,3026.0128000593186,96.32106324879871,0.0
2021-11-17,21363.599609375,22181.80078125,21181.80078125,21636.400390625,2373250,8610.020019495487,3457.8648078870774,96.35039940592463,0.0
2021-11-18,21681.80078125,23136.400390625,21363.599609375,23136.400390625,4782690,9766.676039028167,3919.7168157148362,96.57097002678238,0.0
2021-11-19,3.200000047683716,3.200000047683716,3.200000047683716,3.200000047683716,0,9766.678039026261,3919.7228157138825,49.96526649205864,0.0
2021-11-22,33.0,33.900001525878906,32.599998474121094,32.900001525878906,49871,9766.598039102555,3919.5428157138826,49.99645581929159,0.0
2021-11-23,34.0,34.0,32.599998474121094,33.0,58997,9766.438039064407,3919.3728157138826,49.99760242018604,0.0
2021-11-24,34.099998474121094,34.099998474121094,31.600000381469727,32.20000076293945,109385,9767.889039099216,3919.958015727997,50.030417103671056,0.0
2021-11-26,3.0,3.0,3.0,3.0,0,9767.88803910017,3919.168015727997,49.99995830102093,0.0
2021-11-29,2.9600000381469727,2.9600000381469727,2.9600000381469727,2.9600000381469727,0,9767.887039101124,3919.164415726662,12.830708026524164,0.0
2021-11-30,33.29999923706055,33.29999923706055,31.0,31.399999618530273,98061,9767.632039082051,3919.728815717697,11.459181900797816,0.0
2021-12-01,32.0,33.0,31.899999618530273,32.29999923706055,95584,9767.43203908205,3919.5308156871797,7.907779944224458,0.0
2021-12-02,32.900001525878906,32.900001525878906,31.700000762939453,32.099998474121094,110880,9767.272039043903,3919.332815656662,6.768503086722873,0.0
2021-12-03,2.9600000381469727,2.9600000381469727,2.940000057220459,2.940000057220459,0,9767.267039048671,3919.3260156583788,6.919615410945141,0.0
2021-12-06,34.5,34.5,33.29999923706055,34.20000076293945,90246,9768.825039088726,3919.9456156730653,7.04781645364136,0.0
2021-12-07,2.940000057220459,2.940000057220459,2.9200000762939453,2.9200000762939453,0,8746.24603909254,3919.160015659332,7.090284735966819,0.0
2021-12-08,2.9600000381469727,2.9800000190734863,2.9600000381469727,2.9800000190734863,0,7700.940058624745,3919.15561565876,6.409438956626502,0.0
2021-12-09,3.0799999237060547,3.119999885559082,3.0799999237060547,3.119999885559082,0,6603.371058619023,3919.1540156555175,0.3885996949123154,0.0
2021-12-10,3.0999999046325684,3.119999885559082,3.0999999046325684,3.119999885559082,0,5489.8920976758,3919.1528156518934,49.97793464189439,0.0
2021-12-13,3.119999885559082,3.119999885559082,3.0999999046325684,3.0999999046325684,0,4405.957058608532,3919.151215648651,40.171503293232156,0.0
2021-12-14,3.059999942779541,3.059999942779541,3.0,3.0,0,3324.287039077282,3918.3872156333923,40.10554085975162,0.0
2021-12-15,2.9600000381469727,2.9600000381469727,2.940000057220459,2.940000057220459,0,2251.709039080143,3917.6340156650544,40.30226677720295,0.0
2021-12-16,2.9200000762939453,2.9200000762939453,2.9200000762939453,2.9200000762939453,0,1170.0350195527076,3916.904415636063,49.967126921378856,0.0
2021-12-17,2.880000114440918,2.880000114440918,2.859999895095825,2.859999895095825,0,13.358000016212463,3916.163615603447,49.95891530673633,0.0
2021-12-20,2.799999952316284,2.799999952316284,2.799999952316284,2.799999952316284,0,13.338000011444091,3916.1576156044007,34.676382508211944,0.0
2021-12-21,2.819999933242798,2.819999933242798,2.799999952316284,2.799999952316284,0,11.832999932765961,3915.417615618706,34.04025146922224,0.0
2021-12-22,2.799999952316284,2.799999952316284,2.799999952316284,2.799999952316284,0,10.322999930381775,3914.6956155872344,34.114075762191064,0.0
2021-12-23,2.9000000953674316,2.9000000953674316,2.880000114440918,2.9000000953674316,0,8.857999897003173,3913.9836155891417,49.96833441969308,0.0
2021-12-27,2.9000000953674316,2.9000000953674316,2.9000000953674316,2.9000000953674316,0,8.852999901771545,3913.9732155895235,0.9404387051255441,0.0
2021-12-28,2.940000057220459,2.940000057220459,2.940000057220459,2.940000057220459,0,8.85199990272522,3913.9636155891417,51.51515042048377,0.0
2021-12-29,2.9200000762939453,2.9200000762939453,2.9000000953674316,2.9000000953674316,0,7.426999926567078,3913.9520155906675,43.75000465661385,0.0
2021-12-30,2.9000000953674316,2.9000000953674316,2.9000000953674316,2.9000000953674316,0,5.956999969482422,3913.274015607834,28.00002098083496,0.0
2021-12-31,2.940000057220459,2.940000057220459,2.940000057220459,2.940000057220459,0,4.49900004863739,3912.596815624237,33.33334805053062,0.0
2022-01-03,34.20000076293945,34.400001525878906,33.5,33.900001525878906,38180,6.047000122070313,3913.2092156553267,98.91994949646423,0.0
2022-01-04,2.940000057220459,2.9600000381469727,2.940000057220459,2.9600000381469727,0,4.485000085830689,3913.205215654373,49.96790760598002,0.0
2022-01-05,2.9800000190734863,2.9800000190734863,2.9600000381469727,2.9800000190734863,0,4.488000082969665,3912.5748156547547,50.03211300568461,0.0
2022-01-06,2.940000057220459,2.940000057220459,2.940000057220459,2.940000057220459,0,4.4860000848770145,3911.9096156406404,50.01605134827193,0.0
2022-01-07,2.940000057220459,2.940000057220459,2.940000057220459,2.940000057220459,0,4.477000093460083,3911.9048156404497,50.064267479462536,0.0
2022-01-10,3.0,3.0199999809265137,3.0,3.0199999809265137,0,4.472000098228454,3911.9048156404497,50.17667846011428,0.0
2022-01-11,3.0,3.0,3.0,3.0,0,4.467000102996826,3911.905215640068,50.16056522044635,0.0
2022-01-12,3.0,3.0199999809265137,3.0,3.0199999809265137,0,4.468000102043152,3911.235615639687,50.17656502301403,0.0
2022-01-13,3.0199999809265137,3.0399999618530273,3.0199999809265137,3.0199999809265137,0,4.472000098228454,3910.570015654564,50.09646292637251,0.0
2022-01-14,3.0199999809265137,3.0199999809265137,3.0,3.0,0,4.476000094413758,3909.924015669823,50.080359932796156,0.0
2022-01-18,2.9800000190734863,2.9800000190734863,2.9600000381469727,2.9600000381469727,0,4.481000101566314,3909.9224156713485,50.01607198655923,0.0
2022-01-19,2.9600000381469727,2.9600000381469727,2.9600000381469727,2.9600000381469727,0,4.4890001058578495,3909.9208156728746,50.04824697666812,0.0
2022-01-20,2.9600000381469727,2.9600000381469727,2.940000057220459,2.940000057220459,0,4.496000111103058,3500.889615674019,50.032154308790844,0.0
2022-01-21,2.9200000762939453,2.9200000762939453,2.9200000762939453,2.9200000762939453,0,4.502000117301941,3082.7660234880445,49.98391767444396,0.0
2022-01-24,2.8399999141693115,2.8399999141693115,2.8399999141693115,2.8399999141693115,0,4.499000108242035,2643.732823486328,0.3833861989057823,0.0
2022-01-25,2.859999895095825,2.859999895095825,2.859999895095825,2.859999895095825,0,4.497000098228455,2198.33603910923,36.842082147775656,0.0
2022-01-26,2.859999895095825,2.859999895095825,2.859999895095825,2.859999895095825,0,4.493000090122223,1764.7572234821318,33.33331125753253,0.0
2022-01-27,2.859999895095825,2.859999895095825,2.859999895095825,2.859999895095825,0,4.491000080108643,1332.0864156675339,37.499972060316935,0.0
2022-01-28,2.9200000762939453,2.9200000762939453,2.9000000953674316,2.9000000953674316,0,4.491000080108643,903.0544156694413,44.44445180303984,0.0
2022-01-31,15900.0,15900.0,15900.0,15900.0,0,799.3440000772476,788.3264078569413,99.9987419307604,0.0
2022-02-01,2.9600000381469727,3.0399999618530273,2.9600000381469727,3.0399999618530273,0,797.8009999990463,325.6592000436783,50.00006290425751,0.0
2022-02-02,3.0999999046325684,3.0999999046325684,3.0999999046325684,3.0999999046325684,0,797.8079999923706,325.65720004081726,50.00012580835675,0.0
2022-02-03,33.900001525878906,34.70000076293945,33.900001525878906,34.5,208684,799.3839999914169,325.68920001029966,50.04945679226333,0.0
2022-02-04,3.1600000858306885,3.1600000858306885,3.140000104904175,3.140000104904175,0,799.3939999938011,325.09200001239776,50.00021973140195,0.0
2022-02-07,3.059999942779541,3.0799999237060547,3.059999942779541,3.0799999237060547,0,799.4009999871254,324.5095999956131,50.00018834076269,0.0
2022-02-08,3.0799999237060547,3.0999999046325684,3.0799999237060547,3.0999999046325684,0,799.4049999833107,324.5115999937058,50.00021973075185,0.0
2022-02-09,34.29999923706055,35.400001525878906,34.29999923706055,34.79999923706055,108243,800.9949999451637,325.148399977684,50.04995481046359,0.0
2022-02-10,3.0799999237060547,3.0999999046325684,3.0799999237060547,3.0799999237060547,0,800.9979999423027,324.5819999837875,50.000250622244586,0.0
2022-02-11,3.0799999237060547,3.0799999237060547,3.0799999237060547,3.0799999237060547,0,801.0009999394417,323.99759999752047,50.000375934682516,0.0
2022-02-14,2.940000057220459,2.940000057220459,2.9000000953674316,2.9000000953674316,0,800.9959999442101,323.41360002994537,50.000062655777576,0.0
2022-02-15,2.9600000381469727,2.9600000381469727,2.940000057220459,2.9600000381469727,0,800.9959999442101,323.4140000295639,50.000156638589324,0.0
2022-02-16,2.9800000190734863,2.9800000190734863,2.9600000381469727,2.9600000381469727,0,800.9959999442101,322.78920001506805,50.000156638589324,0.0
2022-02-17,2.9600000381469727,2.9600000381469727,2.9600000381469727,2.9600000381469727,0,800.9969999432564,322.7900000143051,50.0000939830473,0.0
2022-02-18,2.9800000190734863,2.9800000190734863,2.9800000190734863,2.9800000190734863,0,800.9999999403954,322.7900000143051,0.3947941546063163,0.0
2022-02-22,2.8399999141693115,2.880000114440918,2.8399999141693115,2.880000114440918,0,801.001999950409,322.78520001888273,49.93684881218989,0.0
2022-02-23,2.9000000953674316,2.9000000953674316,2.9000000953674316,2.9000000953674316,0,801.0039999604226,322.78080002307894,49.921036081911254,0.0
2022-02-24,34.79999923706055,35.5,34.0,34.20000076293945,282275,802.5710000038147,323.40280004024504,49.88146070830886,0.0
2022-02-25,2.859999895095825,2.859999895095825,2.8399999141693115,2.8399999141693115,0,802.5700000047684,323.39960003852843,49.88146033237502,0.0
2022-02-28,2.8399999141693115,2.859999895095825,2.8399999141693115,2.859999895095825,0,802.5679999947548,323.398000035286,49.913043466788594,0.0
2022-03-01,2.859999895095825,2.859999895095825,2.859999895095825,2.859999895095825,0,7.710999989509583,323.396800031662,49.90512333572384,0.0
2022-03-02,2.8399999141693115,2.8399999141693115,2.8399999141693115,2.8399999141693115,0,7.700999987125397,323.39640003204346,33.14346034904516,0.0
